title,img_url
KM3NeT,//imgs.xkcd.com/comics/km3net.png
Archive Request,//imgs.xkcd.com/comics/archive_request.png
Hardwood,//imgs.xkcd.com/comics/hardwood.png
Atom,//imgs.xkcd.com/comics/atom.png
Incoming Asteroid,//imgs.xkcd.com/comics/incoming_asteroid.png
Suspension Bridge,//imgs.xkcd.com/comics/suspension_bridge.png
Rotary Tool,//imgs.xkcd.com/comics/rotary_tool.png
Stromatolites,//imgs.xkcd.com/comics/stromatolites.png
AlphaMove,//imgs.xkcd.com/comics/alphamove.png
Humidifier Review,//imgs.xkcd.com/comics/humidifier_review.png
